gene_name,pip,EQTL_SCORE,CASX_V1_SCORE,RANK
ZBED3,0.9974167,3,5,1
FTO,0.9972563,3,5,2
PROX1,0.6767228,3,5,3
VEGFA,0.6472575,3,5,4
KCNJ11,0.46677446,2,4,5
TSPAN8,0.44620472,2,4,6
JAZF1,0.29787302,1,3,7
NOTCH2,0.038811803,0,2,8
