gene_name,pip
ZBED3,0.9974167
FTO,0.9972563
PROX1,0.6767228
VEGFA,0.6472575
KCNJ11,0.46677446
TSPAN8,0.44620472
JAZF1,0.29787302
NOTCH2,0.038811803
