gene_name,pip,EQTL_SCORE
ZBED3,0.9974167,3
FTO,0.9972563,3
PROX1,0.6767228,3
VEGFA,0.6472575,3
KCNJ11,0.46677446,2
TSPAN8,0.44620472,2
JAZF1,0.29787302,1
NOTCH2,0.038811803,0
