GENE,ENTREZ_ID,MEAN_EXPRESSION
FTO,79068,35.769731875
VEGFA,7422,27.754733
KCNJ11,3767,3.84551875
IRS1,3667,0.56102075
PPARG,5468,0.35813187500000004
